index	gamma_ij	n_t	setup	name
0	1	74	data/runtime_scan_lb0.84_gs1-7_kR1-100_nw32/setups/row_0000.h5	row_0000
1	1.39285714286	71	data/runtime_scan_lb0.84_gs1-7_kR1-100_nw32/setups/row_0001.h5	row_0001
2	1.78571428571	69	data/runtime_scan_lb0.84_gs1-7_kR1-100_nw32/setups/row_0002.h5	row_0002
3	2.17857142857	68	data/runtime_scan_lb0.84_gs1-7_kR1-100_nw32/setups/row_0003.h5	row_0003
4	2.57142857143	66	data/runtime_scan_lb0.84_gs1-7_kR1-100_nw32/setups/row_0004.h5	row_0004
5	2.96428571429	65	data/runtime_scan_lb0.84_gs1-7_kR1-100_nw32/setups/row_0005.h5	row_0005
6	3.35714285714	63	data/runtime_scan_lb0.84_gs1-7_kR1-100_nw32/setups/row_0006.h5	row_0006
7	3.75	62	data/runtime_scan_lb0.84_gs1-7_kR1-100_nw32/setups/row_0007.h5	row_0007
8	4.14285714286	60	data/runtime_scan_lb0.84_gs1-7_kR1-100_nw32/setups/row_0008.h5	row_0008
9	4.53571428571	59	data/runtime_scan_lb0.84_gs1-7_kR1-100_nw32/setups/row_0009.h5	row_0009
10	4.92857142857	58	data/runtime_scan_lb0.84_gs1-7_kR1-100_nw32/setups/row_0010.h5	row_0010
11	5.32142857143	56	data/runtime_scan_lb0.84_gs1-7_kR1-100_nw32/setups/row_0011.h5	row_0011
12	5.71428571429	55	data/runtime_scan_lb0.84_gs1-7_kR1-100_nw32/setups/row_0012.h5	row_0012
13	6.10714285714	53	data/runtime_scan_lb0.84_gs1-7_kR1-100_nw32/setups/row_0013.h5	row_0013
14	6.5	52	data/runtime_scan_lb0.84_gs1-7_kR1-100_nw32/setups/row_0014.h5	row_0014
15	6.89285714286	51	data/runtime_scan_lb0.84_gs1-7_kR1-100_nw32/setups/row_0015.h5	row_0015
16	7.28571428571	49	data/runtime_scan_lb0.84_gs1-7_kR1-100_nw32/setups/row_0016.h5	row_0016
17	7.67857142857	48	data/runtime_scan_lb0.84_gs1-7_kR1-100_nw32/setups/row_0017.h5	row_0017
18	8.07142857143	47	data/runtime_scan_lb0.84_gs1-7_kR1-100_nw32/setups/row_0018.h5	row_0018
19	8.46428571429	45	data/runtime_scan_lb0.84_gs1-7_kR1-100_nw32/setups/row_0019.h5	row_0019
20	8.85714285714	44	data/runtime_scan_lb0.84_gs1-7_kR1-100_nw32/setups/row_0020.h5	row_0020
21	9.25	42	data/runtime_scan_lb0.84_gs1-7_kR1-100_nw32/setups/row_0021.h5	row_0021
22	9.64285714286	41	data/runtime_scan_lb0.84_gs1-7_kR1-100_nw32/setups/row_0022.h5	row_0022
23	10.0357142857	40	data/runtime_scan_lb0.84_gs1-7_kR1-100_nw32/setups/row_0023.h5	row_0023
24	10.4285714286	38	data/runtime_scan_lb0.84_gs1-7_kR1-100_nw32/setups/row_0024.h5	row_0024
25	10.8214285714	37	data/runtime_scan_lb0.84_gs1-7_kR1-100_nw32/setups/row_0025.h5	row_0025
26	11.2142857143	36	data/runtime_scan_lb0.84_gs1-7_kR1-100_nw32/setups/row_0026.h5	row_0026
27	11.6071428571	34	data/runtime_scan_lb0.84_gs1-7_kR1-100_nw32/setups/row_0027.h5	row_0027
28	12	33	data/runtime_scan_lb0.84_gs1-7_kR1-100_nw32/setups/row_0028.h5	row_0028
29	12.3928571429	31	data/runtime_scan_lb0.84_gs1-7_kR1-100_nw32/setups/row_0029.h5	row_0029
30	12.7857142857	30	data/runtime_scan_lb0.84_gs1-7_kR1-100_nw32/setups/row_0030.h5	row_0030
31	13.1785714286	29	data/runtime_scan_lb0.84_gs1-7_kR1-100_nw32/setups/row_0031.h5	row_0031
32	13.5714285714	27	data/runtime_scan_lb0.84_gs1-7_kR1-100_nw32/setups/row_0032.h5	row_0032
33	13.9642857143	26	data/runtime_scan_lb0.84_gs1-7_kR1-100_nw32/setups/row_0033.h5	row_0033
34	14.3571428571	25	data/runtime_scan_lb0.84_gs1-7_kR1-100_nw32/setups/row_0034.h5	row_0034
35	14.75	23	data/runtime_scan_lb0.84_gs1-7_kR1-100_nw32/setups/row_0035.h5	row_0035
36	15.1428571429	22	data/runtime_scan_lb0.84_gs1-7_kR1-100_nw32/setups/row_0036.h5	row_0036
37	15.5357142857	21	data/runtime_scan_lb0.84_gs1-7_kR1-100_nw32/setups/row_0037.h5	row_0037
38	15.9285714286	19	data/runtime_scan_lb0.84_gs1-7_kR1-100_nw32/setups/row_0038.h5	row_0038
39	16.3214285714	18	data/runtime_scan_lb0.84_gs1-7_kR1-100_nw32/setups/row_0039.h5	row_0039
40	16.7142857143	16	data/runtime_scan_lb0.84_gs1-7_kR1-100_nw32/setups/row_0040.h5	row_0040
41	17.1071428571	15	data/runtime_scan_lb0.84_gs1-7_kR1-100_nw32/setups/row_0041.h5	row_0041
42	17.5	14	data/runtime_scan_lb0.84_gs1-7_kR1-100_nw32/setups/row_0042.h5	row_0042
